{"cameraMode":{"drawMode":0,"name":"Shaded","section":"Shading Mode"},"sceneLighting":true,"audioPlay":false,"sceneViewState":{"m_AlwaysRefresh":false,"showFog":true,"showSkybox":true,"showFlares":true,"showImageEffects":true,"showParticleSystems":true,"showVisualEffectGraphs":true,"m_FxEnabled":true},"in2DMode":false,"pivot":{"x":9.770000457763672,"y":2.1999998092651369,"z":10.489999771118164},"rotation":{"x":-0.09486877918243408,"y":-0.23598916828632356,"z":0.023156076669692994,"w":-0.9668374061584473},"size":2.4635000228881838,"orthographic":false}