{"cameraMode":{"drawMode":0,"name":"Shaded","section":"Shading Mode"},"sceneLighting":false,"audioPlay":false,"sceneViewState":{"m_AlwaysRefresh":false,"showFog":true,"showSkybox":false,"showFlares":true,"showImageEffects":true,"showParticleSystems":true,"showVisualEffectGraphs":true,"m_FxEnabled":true},"in2DMode":false,"pivot":{"x":43.47836685180664,"y":14.591200828552246,"z":31.440689086914064},"rotation":{"x":0.0061701382510364059,"y":-0.9669224619865418,"z":0.253921777009964,"w":0.023492367938160898},"size":18.08648681640625,"orthographic":false}